"Enregistre","Collectrice municipale","Locale","Nationale","Régionale"
"C-lisiere",0,0,0,543.216214565063
"E-lisiere",0,524.450619321298,0,0
"F-lisiere",0,556.242416069294,0,0
"G-lisiere",567.872630708236,0,0,0
"H-lisiere",0,574.450601593857,0,0
"M-lisiere",0,162.187685197512,1025.08587127319,0
"Z-lisiere",0,234.129162524731,0,0
